[
 {
   "ID": "D501003",
   "Company": "Animar - PL",
   "Group": "NEU",
   "Country": "PL",
   "Zipcode": "63-600",
   "City": "Kepno",
   "Street": "Olszowa 191",
   "Phone": "0048 627916101",
   "Fax": "0048 625831233"
 },
 {
   "ID": "D501004",
   "Company": "Almitex S.C. - PL",
   "Group": "NEU",
   "Country": "PL",
   "Zipcode": "63-300",
   "City": "Kepno",
   "Street": "ul. Wroclawska 5",
   "Phone": "0048 62 782 87 30",
   "Fax": "0048 62 782 87 30"
 },
 {
   "ID": "D501006",
   "Company": "Altex-bis - PL",
   "Group": "NEU",
   "Country": "PL",
   "Zipcode": "36-073",
   "City": "Strazow 346",
   "Street": "",
   "Phone": "0048 17 771 1499",
   "Fax": "0048 17 771 1499"
 },
 {
   "ID": "D501007",
   "Company": "Apriori - PL",
   "Group": "NEU",
   "Country": "PL",
   "Zipcode": "70-325",
   "City": "Szczecin",
   "Street": "Al. Piastow 1",
   "Phone": "0048 91 484 14 08",
   "Fax": "0048 91 484 14 08"
 },
 {
   "ID": "D501012",
   "Company": "Armado International - PL",
   "Group": "NEU",
   "Country": "PL",
   "Zipcode": "62-020",
   "City": "Swarzedz",
   "Street": "Ul. Jasinska 13",
   "Phone": "0048 61 818 48 40",
   "Fax": "0048 61 818 34 05"
 },
 {
   "ID": "D501018",
   "Company": "Adriana SA - PL",
   "Group": "NV",
   "Country": "PL",
   "Zipcode": "86-253",
   "City": "Kijewo Krolewskie",
   "Street": "Kosowizna 14",
   "Phone": "0048 566772100",
   "Fax": "0048 566772130"
 },
 {
   "ID": "D501023",
   "Company": "Alwes - PL",
   "Group": "NEU",
   "Country": "PL",
   "Zipcode": "62-020",
   "City": "Swarzedz",
   "Street": "ul. Wybickiego 2",
   "Phone": "0048 61 818 16 17",
   "Fax": "0048 61 818 16 04"
 },
 {
   "ID": "D501026",
   "Company": "Anepat - PL",
   "Group": "NV",
   "Country": "PL",
   "Zipcode": "63041",
   "City": "Chocicza",
   "Street": "Ul. Sremska 4",
   "Phone": "00 48 61 287 5062",
   "Fax": "00 48 61 287 3423"
 },
 {
   "ID": "D501033",
   "Company": "Aris Mebel - PL",
   "Group": "NV",
   "Country": "PL",
   "Zipcode": "60-020",
   "City": "Swarzedz-Jasin",
   "Street": "ul. Wrzesinska 117",
   "Phone": "00 48 616 51 18 71",
   "Fax": "00 48 616 51 18 72"
 },
 {
   "ID": "D501043",
   "Company": "AB Transport s.c. - PL",
   "Group": "NV",
   "Country": "PL",
   "Zipcode": "65-304",
   "City": "Zielona Gora",
   "Street": "ul. Jezykowa 9/4",
   "Phone": "00 48 683 241 365",
   "Fax": "00 48 683 240 353"
 },
 {
   "ID": "D501050",
   "Company": "Andpol Spolka Cywilna - PL",
   "Group": "NEU",
   "Country": "PL",
   "Zipcode": "62-270",
   "City": "Klecko",
   "Street": "Swiniary 23",
   "Phone": "0048 61 427 05 10",
   "Fax": "0048 61 427 05 10"
 },
 {
   "ID": "D501062",
   "Company": "Artmeb - PL",
   "Group": "NEU",
   "Country": "PL",
   "Zipcode": "05-082",
   "City": "Stare Babice",
   "Street": "Prosta 1",
   "Phone": "0048 22 631 72 86",
   "Fax": "0048 22 631 72 86"
 },
 {
   "ID": "D501080",
   "Company": "Aureus International Trade - PL",
   "Group": "NEU",
   "Country": "PL",
   "Zipcode": "43-365",
   "City": "Wilkowice",
   "Street": "str. Wyzwolenia 183",
   "Phone": "0048 501776808",
   "Fax": ""
 },
 {
   "ID": "D501089",
   "Company": "Aksa Global Sp. z o.o. - PL",
   "Group": "NEU",
   "Country": "PL",
   "Zipcode": "62-020",
   "City": "Swarzedz",
   "Street": "ul. Slowackiego 47",
   "Phone": "0048 61 817 48 48",
   "Fax": "0048 61 818 48 77"
 },
 {
   "ID": "D501091",
   "Company": "AS, A. Sarnack - PL",
   "Group": "NEU",
   "Country": "PL",
   "Zipcode": "18-400",
   "City": "Lomza",
   "Street": "ul. Legionow 39",
   "Phone": "0048 86 218 53 58",
   "Fax": "0048 86 218 53 58"
 },
 {
   "ID": "D501092",
   "Company": "Adbo P.W. - PL",
   "Group": "NEU",
   "Country": "PL",
   "Zipcode": "62-002",
   "City": "Suchy Las",
   "Street": "ul. Sprzeczna 2",
   "Phone": "0048 61 812 57 99",
   "Fax": "0048 618125799"
 },
 {
   "ID": "D501093",
   "Company": "Asadena Sp. zo.o. - PL",
   "Group": "NEU",
   "Country": "PL",
   "Zipcode": "64-030",
   "City": "Smigiel",
   "Street": "ul. Poludniowa 34",
   "Phone": "0048 65 518 07 76",
   "Fax": "0048 65 511 48 13"
 },
 {
   "ID": "D501097",
   "Company": "Awa-Mebel S.C.",
   "Group": "NV",
   "Country": "PL",
   "Zipcode": "06-500",
   "City": "Mlawa",
   "Street": "Os. Ksiazat Mazowieckich 10/34",
   "Phone": "0048 89 625 58 28",
   "Fax": "0048 89 625 23 94"
 },
 {
   "ID": "D501102",
   "Company": "Aron Sp. z o.o. - PL",
   "Group": "NEU",
   "Country": "PL",
   "Zipcode": "66-620",
   "City": "Gubin",
   "Street": "Chociejow 8A",
   "Phone": "0048 68 359 25 98",
   "Fax": "0048 68 359 29 11"
 },
 {
   "ID": "D501120",
   "Company": "Adanex Sp.z.o.o. - PL",
   "Group": "NEU",
   "Country": "PL",
   "Zipcode": "44-310",
   "City": "Radlin",
   "Street": "ul. Odlegla 117",
   "Phone": "0048 324567888",
   "Fax": "0048 324567999"
 },
 {
   "ID": "D501126",
   "Company": "Alea Broker SP. z.o.o. - PL",
   "Group": "NEU",
   "Country": "PL",
   "Zipcode": "61608",
   "City": "Poznan",
   "Street": "ul. Blazeja 90",
   "Phone": "0048 61 642 01 01",
   "Fax": "0048 61 221 34 68"
 },
 {
   "ID": "D501146",
   "Company": "Anders Z.P.H. - PL",
   "Group": "NV",
   "Country": "PL",
   "Zipcode": "62-020",
   "City": "Swarzedz",
   "Street": "ul.Sredzka 88 - Zalasewo",
   "Phone": "0048 61 663 97 83",
   "Fax": "0048 61 663 97 84"
 },
 {
   "ID": "D501159",
   "Company": "Anrom Sp.z o.o. - PL",
   "Group": "NEU",
   "Country": "PL",
   "Zipcode": "63-040",
   "City": "Nowe Miasto n/Warta",
   "Street": "ul Sremska 2",
   "Phone": "0048 612 874 065",
   "Fax": "0048 612 874 072"
 },
 {
   "ID": "D501163",
   "Company": "Agencja Rozwoju Pomystu - PL",
   "Group": "NEU",
   "Country": "PL",
   "Zipcode": "05-430",
   "City": "Cevestynow",
   "Street": "Poniatowsuiego 50",
   "Phone": "0048 503 197 111",
   "Fax": ""
 },
 {
   "ID": "D501167",
   "Company": "Asadena Furniture Sp.z.o.o. - PL",
   "Group": "NV",
   "Country": "PL",
   "Zipcode": "64-010",
   "City": "Krzywin",
   "Street": "ul. Generala Chlapowskiego 33",
   "Phone": "0048 (65) 5185 201",
   "Fax": "0048 (65) 5185 203"
 },
 {
   "ID": "D501192",
   "Company": "ANTEX - PL",
   "Group": "NEU",
   "Country": "PL",
   "Zipcode": "63-611",
   "City": "Mroczen",
   "Street": "Mroczen 60/1",
   "Phone": "0048 627818596",
   "Fax": "0048 627827755"
 },
 {
   "ID": "D501203",
   "Company": "AEK - PL",
   "Group": "NEU",
   "Country": "PL",
   "Zipcode": "66-400",
   "City": "Gorzow Wlkp",
   "Street": "Wawrow 47e",
   "Phone": "0048 95 725 9580",
   "Fax": "0048 95 725 9590"
 },
 {
   "ID": "D501216",
   "Company": "Aleksander Sp.z.o.o. - PL",
   "Group": "NEU",
   "Country": "PL",
   "Zipcode": "40-578",
   "City": "Katowice",
   "Street": "ul. Kossak-Szczuckiej 51",
   "Phone": "0048 32 601 25 54",
   "Fax": ""
 },
 {
   "ID": "D501236",
   "Company": "Admar Piotr Islo - PL",
   "Group": "NEU",
   "Country": "PL",
   "Zipcode": "84-300",
   "City": "Lebork",
   "Street": "Sloneczna 5",
   "Phone": "0048 58 678 49 19",
   "Fax": "0048 69 733 59 31"
 },
 {
   "ID": "D501266",
   "Company": "ATM Investments Group - PL",
   "Group": "EULER",
   "Country": "PL",
   "Zipcode": "61-752",
   "City": "Poznan",
   "Street": "ul. Grochowe Laki 7a/6",
   "Phone": "",
   "Fax": ""
 },
 {
   "ID": "D501270",
   "Company": "Agencja Celna Expert - PL",
   "Group": "NEU",
   "Country": "PL",
   "Zipcode": "15-399",
   "City": "Bialystok",
   "Street": "ul. Octowa 6",
   "Phone": "",
   "Fax": ""
 },
 {
   "ID": "D501295",
   "Company": "ATG Polska S.C. - PL",
   "Group": "NEU",
   "Country": "PL",
   "Zipcode": "40-541",
   "City": "Katowice",
   "Street": "ul. Rzepakowa 2A",
   "Phone": "",
   "Fax": ""
 },
 {
   "ID": "D501299",
   "Company": "Aspol - PL",
   "Group": "NEU",
   "Country": "PL",
   "Zipcode": "42-200",
   "City": "Czestochowa",
   "Street": "Mirowska 200",
   "Phone": "",
   "Fax": ""
 },
 {
   "ID": "D501301",
   "Company": "Ajram Sp.z o.o. - PL",
   "Group": "EULER",
   "Country": "PL",
   "Zipcode": "14-400",
   "City": "Paslek",
   "Street": "ul. Sprzymierzonych 14",
   "Phone": "",
   "Fax": ""
 },
 {
   "ID": "D502014",
   "Company": "Bachlinski - PL",
   "Group": "NEU",
   "Country": "PL",
   "Zipcode": "56-416",
   "City": "Twardogora",
   "Street": "ul. Wojska Polskiego 2",
   "Phone": "0048 694 188 613",
   "Fax": "0048 71 315 89 89"
 },
 {
   "ID": "D502018",
   "Company": "BOK Sp. z.o.o. - PL",
   "Group": "NEU",
   "Country": "PL",
   "Zipcode": "66-210",
   "City": "Zbaszynek",
   "Street": "ul. Wolsztynska 10",
   "Phone": "",
   "Fax": "0048 061 44 11 220"
 },
 {
   "ID": "D502020",
   "Company": "Beta-Kierakowicz - PL",
   "Group": "NEU",
   "Country": "PL",
   "Zipcode": "63700",
   "City": "Krotoszyn",
   "Street": "ul. Kozminska 60A",
   "Phone": "0048 627226898",
   "Fax": "0048 627225761"
 },
 {
   "ID": "D502023",
   "Company": "Bellissima - PL",
   "Group": "NEU",
   "Country": "PL",
   "Zipcode": "01-467",
   "City": "Warszawa",
   "Street": "ul. Kazubow 8B/26",
   "Phone": "0048 22 622 58 65",
   "Fax": "0048 22 665 50 21"
 },
 {
   "ID": "D502025",
   "Company": "Bart-Meble - PL",
   "Group": "NEU",
   "Country": "PL",
   "Zipcode": "16-031",
   "City": "Ogrodniczki",
   "Street": "Sosnowa 19",
   "Phone": "0048 606 90 63 54",
   "Fax": "0048 85 749 21 49"
 },
 {
   "ID": "D502028",
   "Company": "Barganska - PL",
   "Group": "NEU",
   "Country": "PL",
   "Zipcode": "84-239",
   "City": "Bolszewo",
   "Street": "Glowna 26",
   "Phone": "0048 587783825",
   "Fax": ""
 },
 {
   "ID": "D502030",
   "Company": "Bystrzyckie Fabryki Mebli S.A. - PL",
   "Group": "NEU",
   "Country": "PL",
   "Zipcode": "57-500",
   "City": "Bystrzyca-Klodzka",
   "Street": "ul. Wojska Polskiego 26",
   "Phone": "00 48 74 811 131",
   "Fax": "00 48 74 811 138"
 },
 {
   "ID": "D502037",
   "Company": "Bodhi Line Sp. J. - PL",
   "Group": "NEU",
   "Country": "PL",
   "Zipcode": "57-500",
   "City": "Bystrzyca Klodzka",
   "Street": "ul. Mickiewicza 15",
   "Phone": "0048 71 710 49 10",
   "Fax": "0048 71 723 13 00"
 },
 {
   "ID": "D502046",
   "Company": "Bramex Sp. z.o.o. - PL",
   "Group": "NEU",
   "Country": "PL",
   "Zipcode": "56-400",
   "City": "Olesnica",
   "Street": "ul. Energetyczna 6",
   "Phone": "0048 71 39 83 12 0",
   "Fax": "0048 71 39 86 06 0"
 },
 {
   "ID": "D502048",
   "Company": "Bog-Fran Sp. z.o.o. - PL",
   "Group": "NV",
   "Country": "PL",
   "Zipcode": "00-451",
   "City": "Warszawa",
   "Street": "ul. Rozbrat 10/14 lok.3",
   "Phone": "01722 59 181",
   "Fax": "01722 59 186"
 },
 {
   "ID": "D502049",
   "Company": "Breckle-Polska Spolka z.o.o. - PL",
   "Group": "NEU",
   "Country": "PL",
   "Zipcode": "50-429",
   "City": "Wroclaw",
   "Street": "Wilcza 25/27",
   "Phone": "",
   "Fax": ""
 },
 {
   "ID": "D502061",
   "Company": "Bugajski - PL",
   "Group": "NEU",
   "Country": "PL",
   "Zipcode": "33-311",
   "City": "Wieloglowy 34",
   "Street": "Wieloglowy 34",
   "Phone": "0048 18 443 23 36",
   "Fax": "0048 18 443 26 22"
 },
 {
   "ID": "D502063",
   "Company": "Burhens Meble - PL",
   "Group": "NV",
   "Country": "PL",
   "Zipcode": "83-304",
   "City": "Przodkowo",
   "Street": "Kawle Gorne 33",
   "Phone": "00 48 586 851 273",
   "Fax": "00 48 586 851 308"
 },
 {
   "ID": "D502068",
   "Company": "Benix - PL",
   "Group": "EULER",
   "Country": "PL",
   "Zipcode": "63-604",
   "City": "Baranow",
   "Street": "Mroczen 29a",
   "Phone": "0048 62 78 291 16",
   "Fax": "0048 62 78 291 24"
 },
 {
   "ID": "D502070",
   "Company": "BIZ - PL",
   "Group": "NEU",
   "Country": "PL",
   "Zipcode": "62-006",
   "City": "Kobylnica",
   "Street": "Gruszczyn, ul. Swarzedzka 29",
   "Phone": "0048 61 815 01 22",
   "Fax": "0048 61 815 01 22"
 },
 {
   "ID": "D502074",
   "Company": "Brzost - PL",
   "Group": "NEU",
   "Country": "PL",
   "Zipcode": "37-300",
   "City": "Lezajsk",
   "Street": "Zeromskiego 4",
   "Phone": "0048 17 24 27 316",
   "Fax": "0048 17 24 27 316"
 },
 {
   "ID": "D502084",
   "Company": "Bujnowski, Meble Tapicerowane - PL",
   "Group": "NEU",
   "Country": "PL",
   "Zipcode": "80-434",
   "City": "Gdansk-Wrzeszcz",
   "Street": "ul. Wyspianskiego 17",
   "Phone": "0048 58 341 26 77",
   "Fax": "0048 58 341 26 77"
 },
 {
   "ID": "D502085",
   "Company": "Breit-Pol Sp. zo.o. - PL",
   "Group": "NV",
   "Country": "PL",
   "Zipcode": "85-502",
   "City": "Bydgoszcz",
   "Street": "ul. Ludwikowo 4",
   "Phone": "0048 52 582 48 48",
   "Fax": "0048 52 582 48 77"
 },
 {
   "ID": "D502103",
   "Company": "Zaklad Tapicerski Meble - PL",
   "Group": "NEU",
   "Country": "PL",
   "Zipcode": "87-610",
   "City": "Dobrzyn N.Wisla",
   "Street": "ul. Zdunska 32",
   "Phone": "00 48 54 253 10 74",
   "Fax": "0048 542531074"
 },
 {
   "ID": "D502105",
   "Company": "Bejot Sp. z.o.o. - PL",
   "Group": "NEU",
   "Country": "PL",
   "Zipcode": "63112",
   "City": "Brodnica",
   "Street": "ul. Wybickiego 2A",
   "Phone": "0048 612812411",
   "Fax": "0048 612812254"
 },
 {
   "ID": "D502113",
   "Company": "BMT International Sp.z.o.o. - PL",
   "Group": "NEU",
   "Country": "PL",
   "Zipcode": "11-040",
   "City": "Dobre Miasto",
   "Street": "ul Fabryczna 6b",
   "Phone": "0048 89 532 41 24",
   "Fax": "0048 89 532 41 01"
 },
 {
   "ID": "D502131",
   "Company": "Beatris Collection - PL",
   "Group": "EULER",
   "Country": "PL",
   "Zipcode": "62060",
   "City": "Steszew",
   "Street": "Ul Powstancow Wlkp 13",
   "Phone": "0048 61 8197 955",
   "Fax": "0048 61 8134 967"
 },
 {
   "ID": "D502156",
   "Company": "Beskidzkie Fabryki Mebli SP.z o.o. - PL",
   "Group": "NEU",
   "Country": "PL",
   "Zipcode": "43-300",
   "City": "Biesko-Biale",
   "Street": "ul. Piekarska 130",
   "Phone": "0048 33 828 20 83",
   "Fax": "0048 33 828 20 98"
 },
 {
   "ID": "D502176",
   "Company": "Bialskie Meble sp. z o.o. - PL",
   "Group": "NV",
   "Country": "PL",
   "Zipcode": "21-500",
   "City": "Biala Podlaska",
   "Street": "ul. Sidorowska 83",
   "Phone": "0048 83 342 30 01",
   "Fax": "0048 83 342 45 05"
 },
 {
   "ID": "D502181",
   "Company": "Beso Meble - PL",
   "Group": "NEU",
   "Country": "PL",
   "Zipcode": "66-400",
   "City": "Goruow Wlkp.",
   "Street": "ul. Kostrzynska 1",
   "Phone": "0048 95 728 99 00",
   "Fax": ""
 },
 {
   "ID": "D502210",
   "Company": "Bugajski Slawomir- PL",
   "Group": "NEU",
   "Country": "PL",
   "Zipcode": "33-311",
   "City": "Wieloglowy",
   "Street": "Wieloglowy 196",
   "Phone": "",
   "Fax": ""
 },
 {
   "ID": "D502217",
   "Company": "BJ Mebel - PL",
   "Group": "NEU",
   "Country": "PL",
   "Zipcode": "64-820",
   "City": "Szamocin",
   "Street": "Strzelczyki 9",
   "Phone": "",
   "Fax": ""
 },
 {
   "ID": "D502244",
   "Company": "Bielek Wojciech Bielawski - PL",
   "Group": "NEU",
   "Country": "PL",
   "Zipcode": "24-100",
   "City": "Pulawy",
   "Street": "Bronowice 87E",
   "Phone": "",
   "Fax": ""
 },
 {
   "ID": "D503017",
   "Company": "Collection AB Sp. z.o.o. - PL",
   "Group": "NV",
   "Country": "PL",
   "Zipcode": "64-500",
   "City": "Szamotuly",
   "Street": "Jastrowo 7",
   "Phone": "0048 612928300",
   "Fax": "0048 612928317"
 },
 {
   "ID": "D503022",
   "Company": "Complet Spolka Jawna - PL",
   "Group": "NEU",
   "Country": "PL",
   "Zipcode": "62-200",
   "City": "Gniezno",
   "Street": "ul. Kleckowska 59",
   "Phone": "0048 61 426 49 97",
   "Fax": "0048 61 426 50 33"
 },
 {
   "ID": "D503025",
   "Company": "Christianapol - PL",
   "Group": "NV",
   "Country": "PL",
   "Zipcode": "64426",
   "City": "Lowyn",
   "Street": "Ul. Szkolna 16",
   "Phone": "0048 957489800",
   "Fax": "0048 957 489 898"
 },
 {
   "ID": "D503034",
   "Company": "Comet Sp. z.o.o. - PL",
   "Group": "NEU",
   "Country": "PL",
   "Zipcode": "61-249",
   "City": "Poznan",
   "Street": "ul. Obodrzycka 61",
   "Phone": "0048 61 871 67 00",
   "Fax": "0048 61 871 67 20"
 },
 {
   "ID": "D503035",
   "Company": "Com 40 Limited - PL",
   "Group": "NEU",
   "Country": "PL",
   "Zipcode": "63-460",
   "City": "Nowe Skalmierzyce",
   "Street": "ul. Podkocka 4b",
   "Phone": "00 48 62 76 29 514",
   "Fax": "00 48 62 76 29 555"
 },
 {
   "ID": "D503063",
   "Company": "Czajka Meble - PL",
   "Group": "NEU",
   "Country": "PL",
   "Zipcode": "61-249",
   "City": "Poznan",
   "Street": "os. Stare Zegrze 89d/1",
   "Phone": "0048 61 281 92 40",
   "Fax": "0048 61 281 92 40"
 },
 {
   "ID": "D503064",
   "Company": "Chairconcept.com Sp. Zo.o. - PL",
   "Group": "NV",
   "Country": "PL",
   "Zipcode": "87-100",
   "City": "Torun",
   "Street": "ul. M.S. Curie 75 C",
   "Phone": "0048 56 66 00 524",
   "Fax": "0048 56 66 08 452"
 },
 {
   "ID": "D503066",
   "Company": "Crane Exolution - PL",
   "Group": "NEU",
   "Country": "PL",
   "Zipcode": "56-410",
   "City": "Dobroszyce",
   "Street": "ul. Lipowa 11",
   "Phone": "0048 71 314 11 97",
   "Fax": "0048 71 314 18 19"
 },
 {
   "ID": "D503082",
   "Company": "Cosmo International Sp.z.o.o. - PL",
   "Group": "NEU",
   "Country": "PL",
   "Zipcode": "41-100",
   "City": "Siemianowice Slaskie",
   "Street": "ul. Powstancow 16",
   "Phone": "0048 32-762-88-28",
   "Fax": "0048 32-762-88-29"
 },
 {
   "ID": "D503109",
   "Company": "Comfort Collection - PL",
   "Group": "NV",
   "Country": "PL",
   "Zipcode": "11710",
   "City": "Piecki",
   "Street": "Zwyciestwa 32",
   "Phone": "0048 89 741 9100",
   "Fax": "0048 89 741 9130"
 },
 {
   "ID": "D503129",
   "Company": "Creativ Polska sp. z.o.o. - PL",
   "Group": "NV",
   "Country": "PL",
   "Zipcode": "63-000",
   "City": "Sroda Wlkp.",
   "Street": "ul. Pradzynskiego 18",
   "Phone": "0048 612 865 716",
   "Fax": "0048 612 866 979"
 },
 {
   "ID": "D503146",
   "Company": "Caya Design Group sp.z.o.o. - PL",
   "Group": "NEU",
   "Country": "PL",
   "Zipcode": "87-100",
   "City": "Torun",
   "Street": "ul. Wybickiego 74",
   "Phone": "",
   "Fax": ""
 },
 {
   "ID": "D503154",
   "Company": "Cube Pet S.A. - PL",
   "Group": "NEU",
   "Country": "PL",
   "Zipcode": "32-031",
   "City": "Mogilany",
   "Street": "ul. Zakopianska 38",
   "Phone": "0048 12 452 30 32",
   "Fax": "0048 12 452 30 32"
 },
 {
   "ID": "D503157",
   "Company": "Camaleo - PL",
   "Group": "NEU",
   "Country": "PL",
   "Zipcode": "41-500",
   "City": "Chorzow",
   "Street": "ul. Hajducka 51",
   "Phone": "",
   "Fax": ""
 },
 {
   "ID": "D503179",
   "Company": "Cowan Möbel Sp. z o.o. - PL",
   "Group": "NEU",
   "Country": "PL",
   "Zipcode": "66-020",
   "City": "Nowogrod Bobrzanski",
   "Street": "Krzywaniec 4",
   "Phone": "0048 68 454 7647",
   "Fax": "0048 68 457 8843"
 },
 {
   "ID": "D503202",
   "Company": "Crane Sp.zo.o. - PL",
   "Group": "NEU",
   "Country": "PL",
   "Zipcode": "56-410",
   "City": "Dobroszyce",
   "Street": "ul. Kolejowa 71",
   "Phone": "",
   "Fax": ""
 },
 {
   "ID": "D504013",
   "Company": "Depol SP.z.o.o. - PL",
   "Group": "NEU",
   "Country": "PL",
   "Zipcode": "74400",
   "City": "Depno Lubuskie",
   "Street": "Ul. Pilsudskiego 11",
   "Phone": "00 48 957 609 130",
   "Fax": "00 48 957 609 041"
 },
 {
   "ID": "D504026",
   "Company": "Delphia Yachts Kot Sp.J. - PL",
   "Group": "NEU",
   "Country": "PL",
   "Zipcode": "19-400",
   "City": "Olecko",
   "Street": "ul. Aleje Lipowe 1",
   "Phone": "0048 87 520 30 37",
   "Fax": "0048 87 520 21 77"
 },
 {
   "ID": "D504027",
   "Company": "Drawex - PL",
   "Group": "NEU",
   "Country": "PL",
   "Zipcode": "83-330",
   "City": "Zukowo",
   "Street": "Malkowo 40A",
   "Phone": "0048 58 685 81 48",
   "Fax": "0048 58 685 84 36"
 },
 {
   "ID": "D504031",
   "Company": "Drewpol Czersk - PL",
   "Group": "NV",
   "Country": "PL",
   "Zipcode": "89-650",
   "City": "Czersk",
   "Street": "Tucholska 101 A",
   "Phone": "0048 52 398 48 61",
   "Fax": "0048 52 398 93 21"
 },
 {
   "ID": "D504033",
   "Company": "Dab - PL",
   "Group": "NEU",
   "Country": "PL",
   "Zipcode": "81-960",
   "City": "Gdynia",
   "Street": "ul. Boleslawa Krzywoustego 3",
   "Phone": "0048 58 667 22 11",
   "Fax": "0048 58 623 05 41"
 },
 {
   "ID": "D504042",
   "Company": "Dream seat & sleep - PL",
   "Group": "NEU",
   "Country": "PL",
   "Zipcode": "64-630",
   "City": "Ryczywol",
   "Street": "ul. Obornicka 1B",
   "Phone": "00 48 672 837 017",
   "Fax": "00 48 672 837 121"
 },
 {
   "ID": "D504043",
   "Company": "Domo Meble Sp.z.o.o. - PL",
   "Group": "NV",
   "Country": "PL",
   "Zipcode": "63-100",
   "City": "Srem",
   "Street": "Psarskie, ul. Lesna 6A",
   "Phone": "0048 61 28 14 408",
   "Fax": "0048 61 28 14 390"
 },
 {
   "ID": "D504079",
   "Company": "Duo Sp. J. - PL",
   "Group": "NEU",
   "Country": "PL",
   "Zipcode": "81-855",
   "City": "Sopot",
   "Street": "ul. Rzemieslnicza 38",
   "Phone": "0048 58 550 40 12",
   "Fax": "0048 58 550 77 70"
 },
 {
   "ID": "D504097",
   "Company": "DENDRO Poland Ltd - PL",
   "Group": "NEU",
   "Country": "PL",
   "Zipcode": "64-610",
   "City": "Rogozno Wielpolska",
   "Street": "ul. Magazynowa 4",
   "Phone": "0048 67 26 190 22",
   "Fax": "0048 67 26 190 38"
 },
 {
   "ID": "D504100",
   "Company": "Franc Textile Sp.z.o.o. - PL",
   "Group": "NEU",
   "Country": "PL",
   "Zipcode": "58-130",
   "City": "Zarow",
   "Street": "ul. Przemyslowa 10",
   "Phone": "",
   "Fax": ""
 },
 {
   "ID": "D504142",
   "Company": "David - PL",
   "Group": "NEU",
   "Country": "PL",
   "Zipcode": "63-322",
   "City": "Goluchow",
   "Street": "Kuchary 20",
   "Phone": "0048 62 76 16 809",
   "Fax": "0048 62 76 16 808"
 },
 {
   "ID": "D504144",
   "Company": "Darex Furniture Trading - PL",
   "Group": "NV",
   "Country": "PL",
   "Zipcode": "55-040",
   "City": "Bielany Wroclawskie",
   "Street": "ul. Jagodowa 16",
   "Phone": "0048 695 99 88 95",
   "Fax": ""
 },
 {
   "ID": "D504145",
   "Company": "Decco Design - PL",
   "Group": "NEU",
   "Country": "PL",
   "Zipcode": "82-300",
   "City": "Elblag",
   "Street": "ul Lotnicza 21/1",
   "Phone": "0048 55 248 75 59",
   "Fax": ""
 },
 {
   "ID": "D504179",
   "Company": "Dacaro SP.z o.o. - PL",
   "Group": "NEU",
   "Country": "PL",
   "Zipcode": "62-250",
   "City": "Czerniejewo",
   "Street": "Poznanska 50 A",
   "Phone": "05223 994 346 0",
   "Fax": ""
 },
 {
   "ID": "D504183",
   "Company": "Dream Plus sp. z o.o. - PL",
   "Group": "NEU",
   "Country": "PL",
   "Zipcode": "64-630",
   "City": "Ryczywol",
   "Street": "ul. Obornicka 1b",
   "Phone": "",
   "Fax": ""
 },
 {
   "ID": "D504184",
   "Company": "DFM Sp.z.o.o. - PL",
   "Group": "NEU",
   "Country": "PL",
   "Zipcode": "11040",
   "City": "Dobre Miasto",
   "Street": "ul. Olsztynska 21",
   "Phone": "0048 896 153 658",
   "Fax": "0048 607 860 294"
 },
 {
   "ID": "D504193",
   "Company": "Drewpol Szamocin - PL",
   "Group": "NEU",
   "Country": "PL",
   "Zipcode": "64-820",
   "City": "Szamocin",
   "Street": "Strzelczyki 9",
   "Phone": "",
   "Fax": ""
 },
 {
   "ID": "D504198",
   "Company": "Dolmar - PL",
   "Group": "NEU",
   "Country": "PL",
   "Zipcode": "63-604",
   "City": "Baranow",
   "Street": "Donaborow 62",
   "Phone": "",
   "Fax": ""
 },
 {
   "ID": "D504202",
   "Company": "Dajatex Sp. z o.o. - PL",
   "Group": "NEU",
   "Country": "PL",
   "Zipcode": "68-100",
   "City": "Zagan",
   "Street": "ul. Sosnowa 15/3",
   "Phone": "",
   "Fax": ""
 },
 {
   "ID": "D504208",
   "Company": "Dom Art Styl - PL",
   "Group": "NEU",
   "Country": "PL",
   "Zipcode": "63-640",
   "City": "Bralin",
   "Street": "Chojezin Szum 8H",
   "Phone": "",
   "Fax": ""
 },
 {
   "ID": "D504210",
   "Company": "Drewpol SP. z o.o. sp.k. - PL",
   "Group": "EULER",
   "Country": "PL",
   "Zipcode": "64-820",
   "City": "Szamocin",
   "Street": "Strzelcyki 9",
   "Phone": "",
   "Fax": ""
 },
 {
   "ID": "D504228",
   "Company": "DCM Sp.z o.o. - PL",
   "Group": "EULER",
   "Country": "PL",
   "Zipcode": "11-710",
   "City": "Piecki",
   "Street": "ul. Zwyciestwa 32/14",
   "Phone": "",
   "Fax": ""
 },
 {
   "ID": "D504229",
   "Company": "DAccord - PL",
   "Group": "NEU",
   "Country": "PL",
   "Zipcode": "33-206",
   "City": "Luszowice",
   "Street": "ul. Tarnowska 6",
   "Phone": "0048 14 641 3310",
   "Fax": ""
 },
 {
   "ID": "D504265",
   "Company": "Demi Co. Danuta Walkowicz - PL",
   "Group": "EULER",
   "Country": "PL",
   "Zipcode": "40-742",
   "City": "Katowice",
   "Street": "ul. Slaska 88",
   "Phone": "",
   "Fax": ""
 },
 {
   "ID": "D505002",
   "Company": "Eldo s.j. - PL",
   "Group": "NEU",
   "Country": "PL",
   "Zipcode": "34130",
   "City": "Kalwaria Zebrzydows",
   "Street": "ul. Sowinskiego 8A",
   "Phone": "0048 338 765 250",
   "Fax": "0048 338 765 951"
 },
 {
   "ID": "D505011",
   "Company": "Ewi-Mar - PL",
   "Group": "NV",
   "Country": "PL",
   "Zipcode": "26-640",
   "City": "Skaryszew",
   "Street": "Krasickiego 17/19",
   "Phone": "0048 48 610 30 30",
   "Fax": "0048 48 610 32 25"
 },
 {
   "ID": "D505050",
   "Company": "Euromebel Styl - PL",
   "Group": "NEU",
   "Country": "PL",
   "Zipcode": "42-610",
   "City": "Miastecko Slaskie",
   "Street": "ul. Cynkowa 47",
   "Phone": "0048 32 284 41 88",
   "Fax": "0048 32 284 41 88 (19)"
 },
 {
   "ID": "D505073",
   "Company": "Euroline - PL",
   "Group": "NEU",
   "Country": "PL",
   "Zipcode": "64-100",
   "City": "Leszno",
   "Street": "ul. Spoldzielcza 51",
   "Phone": "00 48 609 445 918",
   "Fax": "0048 65 529 28 09"
 },
 {
   "ID": "D505076",
   "Company": "Edar Fidelus Edward - PL",
   "Group": "NEU",
   "Country": "PL",
   "Zipcode": "34210",
   "City": "Zembrzyce",
   "Street": "Zembrzyce 87",
   "Phone": "0048 695 99 88 95",
   "Fax": "+48 33 874 63 98"
 },
 {
   "ID": "D505091",
   "Company": "EM Yachts Sp.z.o.o. - PL",
   "Group": "NV",
   "Country": "PL",
   "Zipcode": "05-080",
   "City": "Laski",
   "Street": "Strasse Brzozowa 12",
   "Phone": "0048 602 771 609",
   "Fax": "0048 56 645 82 99"
 },
 {
   "ID": "D505105",
   "Company": "Easy Sofa - PL",
   "Group": "NEU",
   "Country": "PL",
   "Zipcode": "10-687",
   "City": "Olsztyn",
   "Street": "Klebark Wielki 12",
   "Phone": "+48 2500 103 641",
   "Fax": ""
 },
 {
   "ID": "D505119",
   "Company": "Euro Mebel Sp.z.o.o. - PL",
   "Group": "NEU",
   "Country": "PL",
   "Zipcode": "66-211",
   "City": "Lebus",
   "Street": "Lakie 31b",
   "Phone": "",
   "Fax": ""
 },
 {
   "ID": "D505145",
   "Company": "Eurotrading - PL",
   "Group": "NEU",
   "Country": "PL",
   "Zipcode": "63-500",
   "City": "Ostrzeszow",
   "Street": "ul. Kwiatowa 10C/7",
   "Phone": "",
   "Fax": ""
 },
 {
   "ID": "D505158",
   "Company": "Exkom-Anna Kozlowska - PL",
   "Group": "NEU",
   "Country": "PL",
   "Zipcode": "37-100",
   "City": "Lancut",
   "Street": "Gluchow 414",
   "Phone": "0038 067 340 18 87",
   "Fax": ""
 },
 {
   "ID": "D505167",
   "Company": "Euro-Comfort Sp. z o.o. - PL",
   "Group": "EULER",
   "Country": "PL",
   "Zipcode": "64-100",
   "City": "Leszno",
   "Street": "ul. Spoldzielca 49",
   "Phone": "+48 65 525 24 36",
   "Fax": "+48 65 525 22 91"
 },
 {
   "ID": "D506006",
   "Company": "Furnel S.A. - PL",
   "Group": "NEU",
   "Country": "PL",
   "Zipcode": "17-200",
   "City": "Hajnowka",
   "Street": "ul. 3 Maja 51",
   "Phone": "0048 85 87 33 205",
   "Fax": "0048 85 87 33 200"
 },
 {
   "ID": "D506014",
   "Company": "Future - PL",
   "Group": "NEU",
   "Country": "PL",
   "Zipcode": "63-020",
   "City": "Zaniemysl",
   "Street": "Lekno 8a",
   "Phone": "0048 61 285 79 39",
   "Fax": "0048 61 285 79 41"
 },
 {
   "ID": "D506042",
   "Company": "Prudnik Sp.z.o.o. - PL",
   "Group": "NV",
   "Country": "PL",
   "Zipcode": "48200",
   "City": "Prudnik",
   "Street": "Ul. Meblarska 1",
   "Phone": "00 48 77 43 43 200",
   "Fax": "00 48 77 43 43 201"
 },
 {
   "ID": "D506047",
   "Company": "Flair - PL",
   "Group": "NEU",
   "Country": "PL",
   "Zipcode": "76251",
   "City": "Koblynica",
   "Street": "Ul. Kolejowa 21",
   "Phone": "048 59 84 10 970",
   "Fax": "048 59 84 10 93"
 },
 {
   "ID": "D506048",
   "Company": "FORTE S.A. - PL",
   "Group": "NEU",
   "Country": "PL",
   "Zipcode": "07-300",
   "City": "Ostrow Mazowiecka",
   "Street": "ul. Biala 1",
   "Phone": "0048 85 87 33 217",
   "Fax": "0048 85 87 33 304"
 },
 {
   "ID": "D506054",
   "Company": "Forum Meble Sp. zo.o. - PL",
   "Group": "NEU",
   "Country": "PL",
   "Zipcode": "86-070",
   "City": "Dabrowa Chelminska",
   "Street": "Strzyzawa 36",
   "Phone": "0048 52 381 79 40",
   "Fax": ""
 },
 {
   "ID": "D506068",
   "Company": "Focus - PL",
   "Group": "NEU",
   "Country": "PL",
   "Zipcode": "63-645",
   "City": "Leka Opatowska",
   "Street": "Sloneczna 10",
   "Phone": "0048 62 78 188 88",
   "Fax": ""
 },
 {
   "ID": "D506070",
   "Company": "Fabryka Mebli Filipek Design - PL",
   "Group": "NEU",
   "Country": "PL",
   "Zipcode": "07-100",
   "City": "Wegrow",
   "Street": "ul. Szamoty 43 B",
   "Phone": "0048 25 792 3526",
   "Fax": "0048 25 792 3983"
 },
 {
   "ID": "D506086",
   "Company": "Fabryka Mebli Nest SP.ZO.O. - PL",
   "Group": "NV",
   "Country": "PL",
   "Zipcode": "62-200",
   "City": "Gniezno",
   "Street": "Jana III Sobieskiego 20",
   "Phone": "0048 95 762 03 66",
   "Fax": "0048 95 762 03 66"
 },
 {
   "ID": "D506093",
   "Company": "Fast SA - PL",
   "Group": "EULER",
   "Country": "PL",
   "Zipcode": "81-961",
   "City": "Gdynia",
   "Street": "Czechoslowacka 3",
   "Phone": "",
   "Fax": "0048 58 530 1901"
 },
 {
   "ID": "D506099",
   "Company": "Franz Pol - PL",
   "Group": "NV",
   "Country": "PL",
   "Zipcode": "66-100",
   "City": "Sulechow",
   "Street": "ul Kosciuszki 22",
   "Phone": "0048 68 385 23 65",
   "Fax": ""
 }
]